CandFirstName,CandLastName,out,Party,TotReceipts,TotalExpend,EndCash
Tim,Walz,0,D,1111383,623189,488195
Chris,Coleman,1,D,600087,496379,294418
Erin,Murphy,0,D,375353,349028,147429
Rebecca,Otto,0,D,318652,156294,182357
Paul,Thissen,0,D,299118,191718,108135
Jeff,Johnson,0,R,258993,108429,179763
Keith,Downey,0,R,125549,72969,52580
Matt,Dean,1,R,108849,64147,44702
Tina,Liebling,1,D,74876,53902,20973
Mary Giuliani,Stephens,0,R,71150,31422,39728
Mark,Dayton,1,D,41565,68349,0
David,Thompson,1,R,33900,45552,187
David,Osmek,1,R,16200,10773,5427
Lance,Johnson,1,R,10208,7563,2645
Kurt,Zellers,1,R,5390,9318,41
Phillip,Parrish,0,R,3376,2483,893